{
    "precision": 0.6784085224382136,
    "recall": 0.4811111250331747,
    "f1_score": 0.5037977940357775,
    "iou": 0.44544341549687083,
    "best_dice": 0.9559026916821798
}