{
    "train_loss": [
        0.3575575925409794,
        0.1786620938529571,
        0.1090022603670756,
        0.08973970394581557,
        0.07873616026093562,
        0.07353998025258382,
        0.08446244976172844,
        0.06964610020319621,
        0.06905498305956523,
        0.07523587942123414,
        0.06417779040833314,
        0.061703832385440666,
        0.060283406637609005,
        0.056819318297008675,
        0.05619594771414995,
        0.05352791942035159,
        0.05426010781278213,
        0.051927120455851156,
        0.050723848522951205,
        0.05244834419960777
    ],
    "train_dice": [
        0.8232265374312798,
        0.904962607473135,
        0.927482745051384,
        0.9336426764726639,
        0.9370219399531682,
        0.9398484587669372,
        0.9262551039457321,
        0.9403756201267243,
        0.9397976477940877,
        0.9321557104587554,
        0.9430067767699559,
        0.945602019627889,
        0.9467112670342127,
        0.949813653031985,
        0.9492021361986797,
        0.9522545208533605,
        0.9509317328532537,
        0.9528486202160518,
        0.954738649725914,
        0.9515684445699056
    ],
    "val_loss": [
        0.3390209674835205,
        0.1151253342628479,
        0.10405571858088175,
        0.0671646570165952,
        0.11101526046792666,
        0.08412772764762243,
        0.05991466902196407,
        0.05847739900151889,
        0.0814122033615907,
        0.060251954446236294,
        0.054732035100460055,
        0.07372186010082563,
        0.05454250251253446,
        0.10141598756114642,
        0.052128561586141584,
        0.07503424063324929,
        0.052761889745791754,
        0.05985877476632595,
        0.05118033811450005,
        0.04897979361315568
    ],
    "val_dice": [
        0.7855375568072002,
        0.9373794953028362,
        0.9450179020563761,
        0.9477924545605977,
        0.919838301340739,
        0.9299318234125773,
        0.9500174363454182,
        0.9506811221440633,
        0.9316561381022136,
        0.9507269104321797,
        0.9534576296806335,
        0.9383053580919901,
        0.9515541752179464,
        0.9249242424964905,
        0.9532367507616679,
        0.9387957294782002,
        0.954755441347758,
        0.9487505396207173,
        0.9559026916821798,
        0.9554336269696554
    ]
}